{
  "images": {
    "20000": {
      "path": "template_20000.png",
      "size": {
        "width": 2111,
        "height": 1516
      },
      "parameters": {},
      "features": {
        "1": {
          "name": "mb",
          "position": {
            "x1": 302.20631578947365,
            "y1": 93.17083333333332,
            "x2": 660.7059649122807,
            "y2": 183.1833333333333
          }
        }
      }
    },
    "1": {
      "path": "template_1.png",
      "size": {
        "width": 640,
        "height": 480
      },
      "parameters": {
        "1": {
          "name": "run",
          "position": {
            "x1": 48.05614035087719,
            "y1": 403.5,
            "x2": 68.26666666666667,
            "y2": 418.0
          }
        }
      },
      "features": {
        "1": {
          "name": "an1",
          "position": {
            "x1": 6.7368421052631575,
            "y1": 3.5,
            "x2": 385.7964912280702,
            "y2": 28.0
          }
        },
        "2": {
          "name": "an2",
          "position": {
            "x1": 9.880701754385965,
            "y1": 400.0,
            "x2": 35.48070175438596,
            "y2": 418.5
          }
        }
      }
    }
  }
}