{
  "images": {
    "40000": {
      "path": "template_40000.png",
      "size": {
        "width": 512,
        "height": 512
      },
      "parameters": {
        "1": {
          "name": "x1",
          "position": {
            "x1": 166.71438596491228,
            "y1": 84.8,
            "x2": 271.98877192982457,
            "y2": 111.46666666666667
          }
        }
      },
      "features": {
        "1": {
          "name": "aus1",
          "position": {
            "x1": 95.2140350877193,
            "y1": 60.266666666666666,
            "x2": 194.380350877193,
            "y2": 81.6
          }
        },
        "2": {
          "name": "aus2",
          "position": {
            "x1": 282.7677192982456,
            "y1": 62.4,
            "x2": 353.5494736842105,
            "y2": 84.26666666666667
          }
        }
      }
    }
  }
}