{
  "images": {
    "1": {
      "path": "template_1.tiff",
      "size": {
        "width": 640,
        "height": 480
      },
      "parameters": {
        "1": {
          "name": "t",
          "position": {
            "x1": 201.26377663482734,
            "y1": 400.77669902912623,
            "x2": 222.89493019838355,
            "y2": 415.33980582524276
          }
        },
        "2": {
          "name": "s",
          "position": {
            "x1": 299.5444526083762,
            "y1": 400.1941747572816,
            "x2": 332.93166789125644,
            "y2": 419.41747572815535
          }
        }
      },
      "features": {
        "1": {
          "name": "dd",
          "position": {
            "x1": 6.583394562821455,
            "y1": 5.242718446601942,
            "x2": 366.31888317413666,
            "y2": 33.20388349514563
          }
        }
      },
      "machine_status_conditions": [
        {
          "status": "Produktiv im Automatikbetrieb",
          "conditions": {
            "operands": []
          }
        }
      ]
    },
    "2": {
      "path": "template_2.tiff",
      "size": {
        "width": 640,
        "height": 480
      },
      "parameters": {
        "7": {
          "name": "b",
          "position": {
            "x1": 205.96620132255694,
            "y1": 294.75728155339806,
            "x2": 233.71050698016168,
            "y2": 344.2718446601942
          }
        },
        "2": {
          "name": "s",
          "position": {
            "x1": 299.5444526083762,
            "y1": 400.1941747572816,
            "x2": 332.93166789125644,
            "y2": 419.41747572815535
          }
        }
      },
      "features": {
        "1": {
          "name": "ww",
          "position": {
            "x1": 6.113152094048494,
            "y1": 6.990291262135923,
            "x2": 134.0191036002939,
            "y2": 27.37864077669903
          }
        }
      },
      "machine_status_conditions": [
        {
          "status": "AUS"
        }
      ]
    }
  }
}