{
  "images": {
    "1": {
      "path": "template_1.tiff",
      "size": {
        "width": 1024,
        "height": 768
      },
      "parameters": {
        "1": {
          "name": "e",
          "position": {
            "x1": 652.4669144981413,
            "y1": 161.28,
            "x2": 686.7271375464684,
            "y2": 219.30666666666667
          }
        }
      },
      "features": {
        "1": {
          "name": "w",
          "position": {
            "x1": 316.71672862453534,
            "y1": 4.266666666666667,
            "x2": 429.39479553903345,
            "y2": 52.053333333333335
          }
        },
        "2": {
          "name": "ds",
          "position": {
            "x1": 495.6312267657993,
            "y1": 212.48,
            "x2": 556.5382899628253,
            "y2": 280.74666666666667
          }
        }
      },
      "machine_status_conditions": [
        {
          "status": "AUS",
          "conditions": {
            "operands": []
          }
        }
      ]
    }
  }
}