{
  "images": {
    "10000": {
      "path": "template_10000.png",
      "size": {
        "width": 1024,
        "height": 768
      },
      "parameters": {},
      "features": {
        "1": {
          "name": "mb1",
          "position": {
            "x1": 5.688888888888889,
            "y1": 8.8,
            "x2": 112.35555555555555,
            "y2": 24.8
          }
        }
      }
    }
  }
}