{
  "images": {
    "10000": {
      "path": "template_10000.png",
      "size": {
        "width": 1024,
        "height": 768
      },
      "parameters": {},
      "features": {
        "1": {
          "name": "mb",
          "position": {
            "x1": 7.822222222222222,
            "y1": 8.8,
            "x2": 109.5111111111111,
            "y2": 47.2
          }
        }
      }
    }
  }
}