{
  "images": {
    "10000": {
      "path": "template_10000.png",
      "size": {
        "width": 1440,
        "height": 960
      },
      "parameters": {
        "1": {
          "name": "vf",
          "position": {
            "x1": 534.0444444444445,
            "y1": 18.4,
            "x2": 622.9333333333333,
            "y2": 44.8
          }
        }
      },
      "features": {
        "1": {
          "name": "cc",
          "position": {
            "x1": 795.0222222222222,
            "y1": 15.2,
            "x2": 873.9555555555555,
            "y2": 44.0
          }
        }
      }
    }
  }
}