{
  "images": {
    "3": {
      "path": "template_3.tiff",
      "size": {
        "width": 1024,
        "height": 768
      },
      "parameters": {
        "1": {
          "name": "d",
          "position": {
            "x1": 705.7605947955391,
            "y1": 313.17333333333335,
            "x2": 736.2141263940521,
            "y2": 347.3066666666667
          }
        },
        "2": {
          "name": "as",
          "position": {
            "x1": 598.4118959107807,
            "y1": 494.93333333333334,
            "x2": 612.1159851301115,
            "y2": 512.0
          }
        },
        "3": {
          "name": "ds",
          "position": {
            "x1": 744.5888475836431,
            "y1": 128.0,
            "x2": 790.2691449814126,
            "y2": 189.44
          }
        },
        "4": {
          "name": "cc",
          "position": {
            "x1": 774.2810408921933,
            "y1": 267.0933333333333,
            "x2": 792.5531598513011,
            "y2": 290.1333333333333
          }
        },
        "5": {
          "name": "s",
          "position": {
            "x1": 832.142750929368,
            "y1": 360.1066666666667,
            "x2": 854.9828996282528,
            "y2": 392.53333333333336
          }
        },
        "6": {
          "name": "ss",
          "position": {
            "x1": 733.9301115241635,
            "y1": 413.0133333333333,
            "x2": 765.1449814126394,
            "y2": 437.76
          }
        },
        "7": {
          "name": "e",
          "position": {
            "x1": 473.5524163568773,
            "y1": 71.68,
            "x2": 500.1992565055762,
            "y2": 109.22666666666667
          }
        },
        "8": {
          "name": "took",
          "position": {
            "x1": 325.8527881040892,
            "y1": 654.5066666666667,
            "x2": 341.84089219330855,
            "y2": 682.6666666666666
          }
        },
        "9": {
          "name": "sos",
          "position": {
            "x1": 504.00594795539035,
            "y1": 659.6266666666667,
            "x2": 557.2996282527881,
            "y2": 677.5466666666666
          }
        }
      },
      "features": {
        "1": {
          "name": "sd",
          "position": {
            "x1": 258.8550185873606,
            "y1": 207.36,
            "x2": 618.2066914498141,
            "y2": 366.08
          }
        },
        "2": {
          "name": "d",
          "position": {
            "x1": 816.9159851301115,
            "y1": 92.16,
            "x2": 899.9018587360595,
            "y2": 162.13333333333333
          }
        },
        "3": {
          "name": "d",
          "position": {
            "x1": 541.3115241635687,
            "y1": 457.38666666666666,
            "x2": 583.1851301115241,
            "y2": 492.37333333333333
          }
        },
        "4": {
          "name": "wd",
          "position": {
            "x1": 648.6602230483271,
            "y1": 42.666666666666664,
            "x2": 736.2141263940521,
            "y2": 104.96
          }
        },
        "5": {
          "name": "c",
          "position": {
            "x1": 749.9182156133829,
            "y1": 226.98666666666668,
            "x2": 767.4289962825279,
            "y2": 245.76
          }
        },
        "6": {
          "name": "s",
          "position": {
            "x1": 859.5509293680298,
            "y1": 318.29333333333335,
            "x2": 876.3003717472119,
            "y2": 343.8933333333333
          }
        },
        "7": {
          "name": "ss",
          "position": {
            "x1": 768.9516728624535,
            "y1": 436.9066666666667,
            "x2": 804.7345724907063,
            "y2": 499.2
          }
        },
        "8": {
          "name": "ss",
          "position": {
            "x1": 710.328624535316,
            "y1": 388.26666666666665,
            "x2": 727.0780669144981,
            "y2": 410.4533333333333
          }
        },
        "9": {
          "name": "s",
          "position": {
            "x1": 415.6907063197026,
            "y1": 9.386666666666667,
            "x2": 470.507063197026,
            "y2": 43.52
          }
        }
      },
      "machine_status_conditions": [
        {
          "status": "Bildschirmschoner"
        }
      ]
    },
    "4": {
      "path": "template_4.tiff",
      "size": {
        "width": 1024,
        "height": 768
      },
      "parameters": {},
      "features": {
        "1": {
          "name": "as",
          "position": {
            "x1": 210.89070631970262,
            "y1": 255.14666666666668,
            "x2": 500.960594795539,
            "y2": 439.46666666666664
          }
        }
      },
      "machine_status_conditions": [
        {
          "status": "Hinweismeldung"
        }
      ]
    },
    "5": {
      "path": "template_5.tiff",
      "size": {
        "width": 1024,
        "height": 768
      },
      "parameters": {
        "1": {
          "name": "sd",
          "position": {
            "x1": 456.80297397769516,
            "y1": 517.12,
            "x2": 500.960594795539,
            "y2": 549.5466666666666
          }
        },
        "2": {
          "name": "dsd",
          "position": {
            "x1": 931.8780669144982,
            "y1": 320.85333333333335,
            "x2": 994.3078066914499,
            "y2": 359.25333333333333
          }
        },
        "3": {
          "name": "as",
          "position": {
            "x1": 807.0185873605948,
            "y1": 228.69333333333333,
            "x2": 851.9375464684015,
            "y2": 268.8
          }
        }
      },
      "features": {
        "1": {
          "name": "sf",
          "position": {
            "x1": 10.658736059479553,
            "y1": 9.386666666666667,
            "x2": 425.5881040892193,
            "y2": 34.986666666666665
          }
        },
        "2": {
          "name": "x",
          "position": {
            "x1": 74.61115241635687,
            "y1": 609.28,
            "x2": 101.25799256505576,
            "y2": 638.2933333333333
          }
        },
        "3": {
          "name": "as",
          "position": {
            "x1": 264.9457249070632,
            "y1": 168.10666666666665,
            "x2": 391.3278810408922,
            "y2": 204.8
          }
        }
      },
      "machine_status_conditions": [
        {
          "status": "Manueller Betrieb",
          "conditions": {
            "operands": []
          }
        }
      ]
    }
  }
}