{
  "images": {
    "2": {
      "path": "template_2.tiff",
      "size": {
        "width": 1024,
        "height": 768
      },
      "parameters": {
        "1": {
          "name": "1",
          "position": {
            "x1": 133.99553903345725,
            "y1": 127.14666666666666,
            "x2": 197.94795539033458,
            "y2": 182.61333333333334
          }
        },
        "4": {
          "name": "4",
          "position": {
            "x1": 40.35092936802974,
            "y1": 353.28,
            "x2": 84.5085501858736,
            "y2": 404.48
          }
        },
        "5": {
          "name": "5",
          "position": {
            "x1": 42.63494423791821,
            "y1": 434.3466666666667,
            "x2": 76.89516728624535,
            "y2": 463.36
          }
        },
        "6": {
          "name": "6",
          "position": {
            "x1": 207.08401486988848,
            "y1": 371.2,
            "x2": 325.0914498141264,
            "y2": 428.37333333333333
          }
        },
        "7": {
          "name": "7",
          "position": {
            "x1": 591.5598513011153,
            "y1": 164.69333333333333,
            "x2": 634.9561338289963,
            "y2": 221.01333333333332
          }
        },
        "8": {
          "name": "8",
          "position": {
            "x1": 777.3263940520446,
            "y1": 180.05333333333334,
            "x2": 829.0973977695168,
            "y2": 203.09333333333333
          }
        }
      },
      "features": {
        "1": {
          "name": "dw",
          "position": {
            "x1": 10.658736059479553,
            "y1": 11.946666666666667,
            "x2": 514.6646840148699,
            "y2": 49.49333333333333
          }
        }
      },
      "machine_status_conditions": [
        {
          "status": "Produktiv im Automatikbetrieb"
        }
      ]
    }
  }
}