{
  "images": {
    "10000": {
      "path": "template_10000.png",
      "size": {
        "width": 1024,
        "height": 768
      },
      "parameters": {
        "1": {
          "name": "x1",
          "position": {
            "x1": 135.82222222222222,
            "y1": 139.2,
            "x2": 209.77777777777777,
            "y2": 161.6
          }
        },
        "2": {
          "name": "x2",
          "position": {
            "x1": 131.55555555555554,
            "y1": 170.4,
            "x2": 187.73333333333332,
            "y2": 195.2
          }
        },
        "3": {
          "name": "mb6",
          "position": {
            "x1": 703.2888888888889,
            "y1": 179.2,
            "x2": 822.0444444444445,
            "y2": 292.0
          }
        }
      },
      "features": {
        "1": {
          "name": "mb1",
          "position": {
            "x1": 7.111111111111111,
            "y1": 8.0,
            "x2": 112.35555555555555,
            "y2": 53.6
          }
        },
        "2": {
          "name": "mb2",
          "position": {
            "x1": 30.57777777777778,
            "y1": 96.8,
            "x2": 104.53333333333333,
            "y2": 120.0
          }
        },
        "3": {
          "name": "mb3",
          "position": {
            "x1": 251.73333333333332,
            "y1": 197.6,
            "x2": 366.93333333333334,
            "y2": 241.6
          }
        }
      }
    }
  }
}