{
  "images": {
    "1": {
      "path": "template_1.png",
      "size": {
        "width": 1024,
        "height": 768
      },
      "parameters": {
        "1": {
          "name": "x",
          "position": {
            "x1": 38.50180766449747,
            "y1": 92.8,
            "x2": 148.08387563268258,
            "y2": 128.0
          }
        }
      },
      "features": {
        "2": {
          "name": "mb2",
          "position": {
            "x1": 191.0281995661605,
            "y1": 8.8,
            "x2": 363.5459146782357,
            "y2": 38.4
          }
        }
      }
    }
  }
}