{
  "images": {
    "10000": {
      "path": "template_10000.png",
      "size": {
        "width": 1024,
        "height": 768
      },
      "parameters": {
        "1": {
          "name": "x",
          "position": {
            "x1": 664.7919655667145,
            "y1": 4.8,
            "x2": 887.3687230989957,
            "y2": 35.2
          }
        }
      },
      "features": {
        "1": {
          "name": "mb",
          "position": {
            "x1": 2.938307030129125,
            "y1": 7.2,
            "x2": 105.04447632711621,
            "y2": 63.2
          }
        }
      }
    },
    "40000": {
      "path": "template_40000.png",
      "size": {
        "width": 512,
        "height": 512
      },
      "parameters": {
        "1": {
          "name": "vr",
          "position": {
            "x1": 237.15555555555557,
            "y1": 248.53333333333333,
            "x2": 263.46666666666664,
            "y2": 265.6
          }
        }
      },
      "features": {
        "1": {
          "name": "cc",
          "position": {
            "x1": 282.31111111111113,
            "y1": 243.73333333333332,
            "x2": 315.02222222222224,
            "y2": 262.93333333333334
          }
        }
      }
    }
  }
}