{
  "images": {
    "40000": {
      "path": "template_40000.png",
      "size": {
        "width": 512,
        "height": 512
      },
      "parameters": {
        "1": {
          "name": "x1",
          "position": {
            "x1": 166.71438596491228,
            "y1": 84.8,
            "x2": 271.98877192982457,
            "y2": 111.46666666666667
          }
        },
        "2": {
          "name": "x2",
          "position": {
            "x1": 84.28136330674401,
            "y1": 153.6,
            "x2": 154.08266860043508,
            "y2": 192.53333333333333
          }
        },
        "3": {
          "name": "x3",
          "position": {
            "x1": 172.64684554024655,
            "y1": 161.06666666666666,
            "x2": 249.87382160986223,
            "y2": 192.53333333333333
          }
        }
      },
      "features": {
        "1": {
          "name": "aus1",
          "position": {
            "x1": 95.2140350877193,
            "y1": 60.266666666666666,
            "x2": 194.380350877193,
            "y2": 81.6
          }
        },
        "2": {
          "name": "aus2",
          "position": {
            "x1": 282.7677192982456,
            "y1": 62.4,
            "x2": 353.5494736842105,
            "y2": 84.26666666666667
          }
        }
      }
    },
    "1": {
      "path": "template_1.png",
      "size": {
        "width": 512,
        "height": 512
      },
      "parameters": {},
      "features": {
        "1": {
          "name": "ss",
          "position": {
            "x1": 107.07087719298245,
            "y1": 246.4,
            "x2": 155.21684210526317,
            "y2": 265.06666666666666
          }
        }
      }
    }
  }
}