{
  "images": {
    "1": {
      "path": "template_1.tiff",
      "size": {
        "width": 640,
        "height": 480
      },
      "parameters": {
        "1": {
          "name": "tool",
          "position": {
            "x1": 206.14736842105262,
            "y1": 400.5,
            "x2": 218.2736842105263,
            "y2": 417.0
          }
        },
        "2": {
          "name": "s",
          "position": {
            "x1": 302.259649122807,
            "y1": 401.5,
            "x2": 333.6982456140351,
            "y2": 417.5
          }
        },
        "3": {
          "name": "f",
          "position": {
            "x1": 444.1824561403509,
            "y1": 402.5,
            "x2": 462.14736842105265,
            "y2": 415.0
          }
        }
      },
      "features": {
        "1": {
          "name": "gpm",
          "position": {
            "x1": 8.08421052631579,
            "y1": 6.5,
            "x2": 372.7719298245614,
            "y2": 29.0
          }
        },
        "2": {
          "name": "sf",
          "position": {
            "x1": 344.47719298245613,
            "y1": 49.0,
            "x2": 420.8280701754386,
            "y2": 78.0
          }
        }
      },
      "machine_status_conditions": [
        {
          "status": "Produktiv im Automatikbetrieb",
          "conditions": {
            "operands": []
          }
        }
      ]
    },
    "2": {
      "path": "template_2.tiff",
      "size": {
        "width": 640,
        "height": 480
      },
      "parameters": {
        "1": {
          "name": "tool",
          "position": {
            "x1": 252.40701754385964,
            "y1": 388.5,
            "x2": 298.6666666666667,
            "y2": 419.0
          }
        }
      },
      "features": {
        "1": {
          "name": "sc",
          "position": {
            "x1": 7.635087719298245,
            "y1": 6.0,
            "x2": 262.7368421052632,
            "y2": 37.5
          }
        }
      },
      "machine_status_conditions": [
        {
          "status": "Manueller Betrieb",
          "conditions": {
            "operands": []
          }
        }
      ]
    },
    "3": {
      "path": "template_3.tiff",
      "size": {
        "width": 1024,
        "height": 768
      },
      "parameters": {
        "1": {
          "name": "s",
          "position": {
            "x1": 302.259649122807,
            "y1": 401.5,
            "x2": 333.6982456140351,
            "y2": 417.5
          }
        },
        "2": {
          "name": "f",
          "position": {
            "x1": 444.1824561403509,
            "y1": 402.5,
            "x2": 462.14736842105265,
            "y2": 415.0
          }
        },
        "3": {
          "name": "tool",
          "position": {
            "x1": 252.40701754385964,
            "y1": 388.5,
            "x2": 298.6666666666667,
            "y2": 419.0
          }
        },
        "4": {
          "name": "äü",
          "position": {
            "x1": 469.24350877192984,
            "y1": 124.0,
            "x2": 610.8070175438596,
            "y2": 151.2
          }
        }
      },
      "features": {
        "1": {
          "name": "kj",
          "position": {
            "x1": 842.9136842105263,
            "y1": 12.8,
            "x2": 921.240701754386,
            "y2": 35.2
          }
        }
      },
      "machine_status_conditions": [
        {
          "status": "Läuft nicht",
          "conditions": {
            "operands": []
          }
        }
      ]
    }
  }
}