{
  "images": {
    "1": {
      "path": "template_1.png",
      "size": {
        "width": 1830,
        "height": 1632
      },
      "parameters": {},
      "features": {
        "1": {
          "name": "asd",
          "position": {
            "x1": 194.84342379958247,
            "y1": 809.1999999999999,
            "x2": 370.58455114822544,
            "y2": 856.8
          }
        }
      }
    }
  }
}