{
  "images": {
    "40000": {
      "path": "template_40000.png",
      "size": {
        "width": 512,
        "height": 512
      },
      "parameters": {
        "1": {
          "name": "x2",
          "position": {
            "x1": 97.72912280701755,
            "y1": 173.86666666666667,
            "x2": 178.57122807017544,
            "y2": 190.4
          }
        }
      },
      "features": {
        "1": {
          "name": "aus1",
          "position": {
            "x1": 92.33964912280702,
            "y1": 64.0,
            "x2": 227.43578947368422,
            "y2": 84.26666666666667
          }
        }
      }
    }
  }
}